county_l1,town
Carlow,Ardattin
Carlow,Bagenalstown
Carlow,Ballinabranna
Carlow,Ballon
Carlow,Ballymurphy
Carlow,Borris
Carlow,Carlow
Carlow,Clonegal
Carlow,Clonmore
Carlow,Drummond
Carlow,Fenagh
Carlow,Hacketstown
Carlow,Harrow Cross
Carlow,Kildavin
Carlow,Leighlinbridge
Carlow,Myshall
Carlow,Nurney
Carlow,Old Leighlin
Carlow,Palatine
Carlow,Rathanna
Carlow,Rathvilly
Carlow,Royal Oak
Carlow,St Mullins
Carlow,Tinryland
Carlow,Tullow
Carlow,Tynock
Cavan,Arvagh
Cavan,Bailieboro
Cavan,Bailieborough
Cavan,Ballinagh
Cavan,Ballyconnell
Cavan,Ballyjamesduff
Cavan,Bawnboy
Cavan,Belturbet
Cavan,Blacklion
Cavan,Butlersbridge
Cavan,Butlersbridge Droichead
Cavan,Cavan
Cavan,Cootehill
Cavan,Crosskeys
Cavan,Dowra
Cavan,Gowna
Cavan,Kilcogy
Cavan,Killeshandra
Cavan,Killydoon
Cavan,Kilnaleck
Cavan,Kingscourt
Cavan,Lavey
Cavan,Loch Gowna
Cavan,Lough Gowna
Cavan,Maghera
Cavan,Mount Nugent
Cavan,Mountnugent
Cavan,Mullagh
Cavan,Redhills
Cavan,Shercock
Cavan,Stradone
Cavan,Stradone Village
Cavan,Swanlinbar
Cavan,Tullyvin
Cavan,Virginia
Clare,Ballynacally
Clare,Ballyvaughan
Clare,Barefield
Clare,Bodyke
Clare,Boston
Clare,Bridgetown
Clare,Broadford
Clare,Bunratty
Clare,Caher
Clare,Carrigaholt
Clare,Clarecastle
Clare,Clonlara
Clare,Connolly
Clare,Coolmeen
Clare,Cooraclare
Clare,Corofin
Clare,Cranny
Clare,Cree
Clare,Cross
Clare,Doolin
Clare,Doonbeg
Clare,Doonbeg Village
Clare,Ennis
Clare,Ennistymon
Clare,Feakle
Clare,Flagmount
Clare,Inch-Clare
Clare,Kildysart
Clare,Kildysart Village
Clare,Kilfenora
Clare,Kilkee
Clare,Kilkishen
Clare,Killaloe
Clare,Killimer
Clare,Kilmaley
Clare,Kilmihil
Clare,Kilmurry
Clare,Kilmurry Mcmahon
Clare,Kilrush
Clare,Knock
Clare,Labasheeda
Clare,Lahinch
Clare,Lahinch An Leacht
Clare,Liscannor
Clare,Lisdoonvarna
Clare,Lissycasey
Clare,Meelick
Clare,Miltown Malbay
Clare,Mountshannon
Clare,Mullagh
Clare,Newmarket-On-Fergus
Clare,O'Brien'S Bridge
Clare,O'Briens Bridge
Clare,O'Callaghan'S Mills
Clare,Ocallaghans Mills
Clare,Ogonnelloe
Clare,Parteen
Clare,Quin
Clare,Ruan
Clare,Scariff
Clare,Scarriff
Clare,Shannon
Clare,Sixmilebridge
Clare,Spancilhill Clooney
Clare,Spanish Point
Clare,Tuamgraney
Clare,Tulla
Clare,Whitegate
Clare,Whitegate-Clare
Cork,Aghabullogue
Cork,Ahakista
Cork,Aherla
Cork,Ahiohill
Cork,Ardfield
Cork,Ardgroom Village
Cork,Baile Mhic Ire-Baile
Cork,Baile Mhic Ire\Baile Bh
Cork,Baile Mhic Ire\Baile Bhuirne
Cork,Baile Mhuirne
Cork,Ballinadee
Cork,Ballinascarthy
Cork,Ballincollig
Cork,Ballineen
Cork,Ballineen-
Cork,Ballineen-Enniskean
Cork,Ballineen-Enniskeane
Cork,Ballingeary
Cork,Ballinhassig
Cork,Ballinspittle
Cork,Ballinspittle-Beal Átha An
Cork,Ballintotas
Cork,Ballintotis
Cork,Ballyclough
Cork,Ballycotton
Cork,Ballydehob
Cork,Ballydesmond
Cork,Ballyhooly
Cork,Ballylickey
Cork,Ballymacoda
Cork,Ballymakeera
Cork,Ballymakeera-Ballyvourney
Cork,Baltimore
Cork,Bandon
Cork,Banteer
Cork,Bantry
Cork,Bartlemy
Cork,Beal Atha An Ghaorthaidh
Cork,Beal Athan Ghaorthaidh
Cork,Belgooly
Cork,Bere Island
Cork,Berrings
Cork,Bishopstown
Cork,Blarney
Cork,Boherbue
Cork,Bridesbridge
Cork,Béal Átha An Ghaorthaidh
Cork,Carrigadrohid-
Cork,Carrigadrohid-Killardrish
Cork,Carrigaline
Cork,Carriganima
Cork,Carrigtwohill
Cork,Castlelyons
Cork,Castlelyons-Bridesbridge
Cork,Castlemagner
Cork,Castlemartyr
Cork,Castletownbere
Cork,Castletownbere-Baile
Cork,Castletownroche
Cork,Castletownsend
Cork,Castletownshend
Cork,Charleville
Cork,Churchtown
Cork,Cill Na Martra
Cork,Clonakilty
Cork,Clondrohid
Cork,Cloyne
Cork,Coachford
Cork,Cobh
Cork,Conna
Cork,Coolagown
Cork,Copeen
Cork,Courtmacsherry
Cork,Crookhaven
Cork,Crosshaven
Cork,Cuil Aodha
Cork,Cuil-Aodha
Cork,Cullen
Cork,Doneraile
Cork,Douglas
Cork,Drimoleague
Cork,Drinagh
Cork,Dripsey
Cork,Dromahane
Cork,Dromhane
Cork,Dromina
Cork,Dunbeacon
Cork,Dunmanway
Cork,Durrus
Cork,Durrus Village
Cork,Dursey Island
Cork,Eyeries
Cork,Fermoy
Cork,Freemount
Cork,Glandore
Cork,Glanmire
Cork,Glanworth
Cork,Glengarriff
Cork,Glenville
Cork,Glounthaune
Cork,Glounthaune Village
Cork,Goleen
Cork,Goleen- An Goilín
Cork,Grenagh
Cork,Guileen
Cork,Heir Island
Cork,Inch
Cork,Inch-Cork
Cork,Inchigeela
Cork,Inchigeelagh
Cork,Innishannon
Cork,Kanturk
Cork,Kealkill
Cork,Kilbrittain
Cork,Kilcrohane
Cork,Kildorrery
Cork,Killeagh
Cork,Kilmacsimon
Cork,Kilmacsimon Quay
Cork,Kilmurry
Cork,Kilworth
Cork,Kinsale
Cork,Kiskeam
Cork,Knocknagree
Cork,Knocknagree -Cnoc Na
Cork,Knockraha
Cork,Labbamologga
Cork,Ladysbridge
Cork,Leap
Cork,Lisavaird
Cork,Liscarroll
Cork,Lislevane
Cork,Lismire
Cork,Little Island
Cork,Lowertown
Cork,Macroom
Cork,Mallow
Cork,Meelin
Cork,Midleton
Cork,Milford
Cork,Milford-Cork
Cork,Millstreet
Cork,Minane Bridge
Cork,Mitchelstown
Cork,Mogeely
Cork,Monkstown
Cork,Newcestown
Cork,Newcestown Village
Cork,Newmarket
Cork,Newmarket-Cork
Cork,Newtownshandrum
Cork,Newtwopothouse
Cork,Oilean Chleire
Cork,Oileán Cléire
Cork,Owenahincha
Cork,Passage West
Cork,Passage West/Monkstown
Cork,Rathbarry
Cork,Rathcormac
Cork,Reenascreena
Cork,Ring
Cork,Ringaskiddy
Cork,Rochestown
Cork,Rockchapel
Cork,Rosscarbery
Cork,Rostellan
Cork,Rostellan-Farsid
Cork,Sallybrook
Cork,Schull
Cork,Shanagarry
Cork,Shandon
Cork,Shannonvale
Cork,Sherkin Island
Cork,Skibbereen
Cork,St Luke'S
Cork,Timoleague
Cork,Timoleague (Molaga)
Cork,Togher
Cork,Toormore
Cork,Twopothouse
Cork,Union Hall
Cork,Waterfall
Cork,Watergrasshill
Cork,Whiddy Island
Cork,Whiddy Island -Oileán
Cork,Whitegate
Cork,Whitegate-Cork
Cork,Youghal
Donegal,An Falcarrach
Donegal,Annagry
Donegal,Arainn Mor
Donegal,Ardara
Donegal,Baile Na Finne
Donegal,Ballybofey-Stranorlar
Donegal,Ballybofey/Stranorlar
Donegal,Ballyliffin
Donegal,Ballyliffin -Baile Lifín
Donegal,Ballyshannon
Donegal,Brochagh-Cloghan
Donegal,Brockagh-Cloghan
Donegal,Buncrana
Donegal,Bundoran
Donegal,Burtonport
Donegal,Carndonagh
Donegal,Carraig Airt
Donegal,Carrigans
Donegal,Carrigart
Donegal,Castlefinn
Donegal,Churchill
Donegal,Clonmany
Donegal,Convoy
Donegal,Creeslough
Donegal,Crolly
Donegal,Culdaff
Donegal,Culdaff- Cúil Dabhcha
Donegal,Donegal
Donegal,Donegal Town
Donegal,Doochary
Donegal,Dore
Donegal,Downings
Donegal,Dunfanaghy
Donegal,Dungloe
Donegal,Dunkineely
Donegal,Fintown
Donegal,Frosses
Donegal,Gabhla Island
Donegal,Gaoth Dobhair
Donegal,Glencolmcille
Donegal,Glenties
Donegal,Gort A'Choirce
Donegal,Gort A'Choirce-Gort An
Donegal,Greencastle
Donegal,Inis Bo Finne
Donegal,Island Roy
Donegal,Kerrykeel
Donegal,Kilcar
Donegal,Killea
Donegal,Killybegs
Donegal,Kilmacrenan
Donegal,Kincasslagh
Donegal,Letterkenny
Donegal,Lettermacaward
Donegal,Lettermacaward-Leitir
Donegal,Lifford
Donegal,Loch An Iuir
Donegal,Loch An Iúir
Donegal,Loughanure
Donegal,Maghery
Donegal,Malin
Donegal,Malin -Málainn
Donegal,Manorcunningham
Donegal,Manorcunningham-
Donegal,Milford
Donegal,Milford-Donegal
Donegal,Moville
Donegal,Muff
Donegal,Mullachdubh
Donegal,Mullaghdubh
Donegal,Narin
Donegal,Narin-Portnoo
Donegal,Narin/Portnoo
Donegal,Newtowncunningham
Donegal,Oilean Ghabhla
Donegal,Oilean Ghabhla (Gola)
Donegal,Oilean Thorai
Donegal,Ramelton
Donegal,Raphoe
Donegal,Rathmullan
Dublin,Balbriggan
Dublin,Ballinteer
Dublin,Ballsbridge
Dublin,Ballyboden
Dublin,Ballyboughal
Dublin,Ballybrack
Dublin,Ballyfermot
Dublin,Ballymun
Dublin,Balrothery
Dublin,Balrothery Village
Dublin,Balscadden
Dublin,Blackrock
Dublin,Blanchardstown
Dublin,Brittas
Dublin,Bushfield Park
Dublin,Cabinteely
Dublin,Cabra
Dublin,Castleknock
Dublin,Chapelizod
Dublin,Cherry Orchard
Dublin,Clondalkin
Dublin,Clondalkin (Monastery
Dublin,Clondalkin North
Dublin,Coolock
Dublin,Dalkey
Dublin,Dalkey Town
Dublin,Donabate
Dublin,Donnybrook
Dublin,Dun Laoghaire
Dublin,Finglas
Dublin,Firhouse
Dublin,Foxrock
Dublin,Garristown
Dublin,Glasthule\Sandycove
Dublin,Goatstown Baile Na
Dublin,Griffeen
Dublin,Harolds Cross
Dublin,Howth
Dublin,Killester
Dublin,Lucan
Dublin,Lusk
Dublin,Malahide
Dublin,Manor Street/Stoneybatter
Dublin,Mounttown
Dublin,Naul
Dublin,Newcastle Lyons
Dublin,Newcastle-Lyons
Dublin,Old Bawn
Dublin,Ongar
Dublin,Palmerstown
Dublin,Phibsborough
Dublin,Portmarnock
Dublin,Portobello
Dublin,Raheny
Dublin,Ranelagh
Dublin,Rathbourne
Dublin,Rathcoole
Dublin,Rathcoole-Dublin
Dublin,Rathfarnham
Dublin,Rialto
Dublin,Rush
Dublin,Rusheeny
Dublin,Sandycove
Dublin,Sandymount
Dublin,Santry
Dublin,Shankill
Dublin,Skerries
Dublin,Stepaside
Dublin,Sutton
Dublin,Swords
Dublin,Temple Bar
Dublin,Templeogue
Dublin,Terenure
Dublin,The Naul
Dublin,Whitecliff
Dublin,Woodstown Village
Galway,Abbey
Galway,Abbeyknockmoy
Galway,Ahascragh
Galway,An Cheathru Rua
Galway,An Spideal
Galway,Ardrahan
Galway,Athenry
Galway,Aughrim
Galway,Aughrim-Galway
Galway,Ballinasloe
Galway,Ballygar
Galway,Ballymoe
Galway,Caltra
Galway,Caltra -Cealltrach
Galway,Camus
Galway,Carna
Galway,Castleblakeney
Galway,Castlegar
Galway,Cill Chiarain
Galway,Claregalway
Galway,Clarenbridge
Galway,Clarinbridge
Galway,Cleggan
Galway,Clifden
Galway,Clonberne
Galway,Clonbur
Galway,Craughwell
Galway,Creggs
Galway,Dunmore
Galway,Eyrecourt
Galway,Galway City Centre
Galway,Glenamaddy
Galway,Glenard
Galway,Glinsk
Galway,Gort
Galway,Headford
Galway,Inis Meain
Galway,Inis Mor
Galway,Inishbofin
Galway,Kilconnell
Galway,Kilkerrin
Galway,Kinvara
Galway,Lawrencetown
Galway,Leenane
Galway,Letterfrack
Galway,Lettermullen
Galway,Loughrea
Galway,Maam
Galway,Menlough
Galway,Milltown
Galway,Milltown-Galway
Galway,Monivea
Galway,Mountbellew
Galway,Moycullen
Galway,Moycullen Maigh Cuilinn
Galway,Moylough
Galway,Na Forbacha
Galway,Newbridge
Galway,Newbridge-Galway
Galway,Oranmore
Galway,Oughterard
Galway,Portumna
Galway,Renmore
Galway,Rosmuc
Galway,Rosscahill
Galway,Roundstone
Galway,Spideal
Galway,Spidéal
Galway,Tuam
Galway,Tullycross
Galway,Tullycross Village -Tulach
Galway,Tynagh
Galway,Tynagh Village
Galway,Williamstown
Galway,Woodford
Kerry,Abbeydorney
Kerry,Annascaul
Kerry,Ardfert
Kerry,Asdee
Kerry,Baile An Fhirteirigh
Kerry,Baile Na Ngall
Kerry,Ballinskelligs
Kerry,Ballybunion
Kerry,Ballyduff
Kerry,Ballyheigue
Kerry,Ballylongford
Kerry,Barraduff
Kerry,Beaufort
Kerry,Boolteens
Kerry,Brosna
Kerry,Caherdaniel
Kerry,Cahersiveen
Kerry,Cahirciveen
Kerry,Cahirsiveen
Kerry,Camp
Kerry,Castlecove
Kerry,Castlegregory
Kerry,Castleisland
Kerry,Castlemaine
Kerry,Causeway
Kerry,Ceann Tra
Kerry,Ceann Tragha
Kerry,Ceann Tragha/Ventry
Kerry,Ceann Tragna
Kerry,Chapeltown
Kerry,Cloghane
Kerry,Cloghane Brandon
Kerry,Cnoc An Iúir
Kerry,Cromane
Kerry,Currans
Kerry,Currow
Kerry,Dingle
Kerry,Duagh
Kerry,Farranfore
Kerry,Fenit
Kerry,Finuge
Kerry,Firies
Kerry,Fossa
Kerry,Glenbeigh
Kerry,Kenmare
Kerry,Kilcummin
Kerry,Kilflynn
Kerry,Kilgarvan
Kerry,Killarney
Kerry,Killorglin
Kerry,Kilmoyley
Kerry,Knightstown
Kerry,Knightstown Baile An
Kerry,Knockanure
Kerry,Knocknagoshel
Kerry,Lauragh
Kerry,Lios Poil
Kerry,Lisselton
Kerry,Listowel
Kerry,Lixnaw
Kerry,Milltown
Kerry,Miltown
Kerry,Moyvane
Kerry,Portmagee
Kerry,Portmagee -Port Mhic
Kerry,Rathmore
Kerry,Scartaglen
Kerry,Sneem
Kerry,Tarbert
Kerry,Tralee
Kerry,Ventry
Kerry,Waterville
Kildare,Allenwood
Kildare,Ardclough
Kildare,Athy
Kildare,Ballitore
Kildare,Ballymore Eustace
Kildare,Ballytore
Kildare,Brannockstown
Kildare,Broadford
Kildare,Broadford-Kildare
Kildare,Calverstown
Kildare,Caragh
Kildare,Carbury
Kildare,Carbury Village
Kildare,Castledermot
Kildare,Celbridge
Kildare,Clane
Kildare,Coill Dubh
Kildare,Coilldubh
Kildare,Derrinturn
Kildare,Droichead Nua
Kildare,Eadestown
Kildare,Johnstown
Kildare,Johnstownbridge
Kildare,Kilcock
Kildare,Kilcullen
Kildare,Kildangan
Kildare,Kildare
Kildare,Kilkea
Kildare,Kill
Kildare,Kilmead
Kildare,Kilmeade
Kildare,Kilmeague
Kildare,Kilteel
Kildare,Kings Court
Kildare,Leixlip
Kildare,Maynooth
Kildare,Milltown
Kildare,Milltown-Kildare
Kildare,Monasterevin
Kildare,Moone
Kildare,Naas
Kildare,Narraghmore
Kildare,Newbridge
Kildare,Newbridge-Kildare
Kildare,Newtown
Kildare,Nurney
Kildare,Prosperous
Kildare,Rathangan
Kildare,Rathcoffey
Kildare,Robertstown
Kildare,Sallins
Kildare,Straffan
Kildare,Suncroft
Kildare,Timolin
Kildare,Two-Mile-House
Kilkenny,Ballyhale
Kilkenny,Ballyouskill
Kilkenny,Ballyragget
Kilkenny,Bennettsbridge
Kilkenny,Callan
Kilkenny,Callan-Cailin
Kilkenny,Castlecomer
Kilkenny,Clogh
Kilkenny,Coon
Kilkenny,Crosspatrick
Kilkenny,Cuffesgrange
Kilkenny,Dungarvan
Kilkenny,Dungarvan-Kilkenny
Kilkenny,Dunnamaggan
Kilkenny,Fiddown
Kilkenny,Freshford
Kilkenny,Gathabawn
Kilkenny,Glenmore
Kilkenny,Goresbridge
Kilkenny,Gowran
Kilkenny,Graiguenamanagh
Kilkenny,Inistioge
Kilkenny,Johnstown
Kilkenny,Kells
Kilkenny,Kells-Kilkenny
Kilkenny,Kilkenny
Kilkenny,Kilmacow
Kilkenny,Kilmanagh
Kilkenny,Knocktopher
Kilkenny,Lisdowney
Kilkenny,Listerlin
Kilkenny,Moneenroe
Kilkenny,Mooncoin
Kilkenny,Mullinavat
Kilkenny,Newmarket
Kilkenny,Newmarket-Kilkenny
Kilkenny,Owning
Kilkenny,Paulstown
Kilkenny,Piltown
Kilkenny,Slieverue
Kilkenny,Stoneyford
Kilkenny,Templeorum
Kilkenny,Thomastown
Kilkenny,Tullahought
Kilkenny,Urlingford
Kilkenny,Windgap
Laois,Abbeyleix
Laois,Attanagh
Laois,Ballacolla
Laois,Ballacolla-Laois
Laois,Ballinakill
Laois,Ballybrittas
Laois,Ballylinan
Laois,Ballyouskill
Laois,Ballyroan
Laois,Borris-In-Ossory
Laois,Camross
Laois,Castletown
Laois,Clonaslee
Laois,Clough
Laois,Coolrain
Laois,Cullohill
Laois,Donaghmore
Laois,Donaghmore Village
Laois,Durrow
Laois,Emo
Laois,Errill
Laois,Killasmeestia
Laois,Killenard
Laois,Killeshin
Laois,Luggacurran
Laois,Luggacurren
Laois,Mountmellick
Laois,Mountrath
Laois,Pike Of Rushall
Laois,Portarlington
Laois,Portlaoise
Laois,Raheen
Laois,Rathdowney
Laois,Ratheniska
Laois,Rosenallis
Laois,Shanahoe
Laois,Spink
Laois,Stradbally
Laois,Stradbally-Laois
Laois,Timahoe
Laois,Vicarstown
Leitrim,Ballinamore
Leitrim,Carrick-On-Shannon
Leitrim,Carrigallen
Leitrim,Cloone
Leitrim,Cloone Village
Leitrim,Cluainin Ui Ruairc
Leitrim,Dromahair
Leitrim,Dromod
Leitrim,Drumkeeran
Leitrim,Drumkeerin
Leitrim,Drumshanbo
Leitrim,Drumsna
Leitrim,Fenagh
Leitrim,Jamestown
Leitrim,Keshcarrigan
Leitrim,Kiltyclogher
Leitrim,Kinlough
Leitrim,Leitrim
Leitrim,Leitrim Village
Leitrim,Lurganboy
Leitrim,Manorhamilton
Leitrim,Mohill
Leitrim,Newtowngore
Leitrim,Tullaghan
Limerick,Abbeyfeale
Limerick,Abbeylock Estate
Limerick,Adare
Limerick,Anglesborough
Limerick,Annacotty
Limerick,Ardagh-Limerick
Limerick,Ardpatrick
Limerick,Askeaton
Limerick,Athea
Limerick,Athea Village
Limerick,Athlacca
Limerick,Ballinacurra Weston
Limerick,Ballingarry
Limerick,Ballingarry Village
Limerick,Ballyagran
Limerick,Ballygrennan Close
Limerick,Ballyhahill
Limerick,Ballylanders
Limerick,Ballyneety
Limerick,Ballyorgan
Limerick,Ballysteen
Limerick,Banogue
Limerick,Broadford
Limerick,Broadford-Limerick
Limerick,Bruff
Limerick,Bruree
Limerick,Caherconlish
Limerick,Caherdavin
Limerick,Cappagh
Limerick,Cappamore
Limerick,Carabullane
Limerick,Carew Kincora
Limerick,Carrigkerry
Limerick,Castleconnell
Limerick,Castleconnell -Chaisleán
Limerick,Castlemahon
Limerick,Castletown
Limerick,Castletown Conyers
Limerick,Castletroy View
Limerick,Clarina
Limerick,College Gate
Limerick,Colmanswell
Limerick,Croagh
Limerick,Croom
Limerick,Curragh Birin Residential
Limerick,Delmege Park
Limerick,Distillery View Estate
Limerick,Doon
Limerick,Dromcollogher
Limerick,Effin
Limerick,Elton
Limerick,Feenagh
Limerick,Fitzhaven/Castlewell/Cast
Limerick,Foynes
Limerick,Galbally
Limerick,Garrienderk
Limerick,Garryowen
Limerick,Garryspillane
Limerick,Glenbrohane
Limerick,Glenmore Lawn Estate
Limerick,Glenosheen
Limerick,Glenroe
Limerick,Glin
Limerick,Gouldavoher
Limerick,Hollycross
Limerick,Hospital
Limerick,Janesboro
Limerick,Kilbehenny
Limerick,Kilcornan
Limerick,Kildimo
Limerick,Kileely Court
Limerick,Kilfinane
Limerick,Kilmallock
Limerick,Kilmeedy
Limerick,Kilteely
Limerick,King'S Island
Limerick,Kings Island
Limerick,Knockainey
Limerick,Knocklong
Limerick,Limerick City
Limerick,Limerick City Centre
Limerick,Limerick City Medieval
Limerick,Loughill
Limerick,Loughill West
Limerick,Lynwood Park Limerick
Limerick,Meadowbrook
Limerick,Meadowbrook Corbally
Limerick,Milford Grange
Limerick,Mount Collins
Limerick,Mount Gerard Court
Limerick,Mountcollins
Limerick,Moyross
Limerick,Murroe
Limerick,Naughtons Place
Limerick,Newcastle West
Limerick,Newcastlewest
Limerick,Nicker
Limerick,O Malley Keyes Parks
Limerick,Old Pallas
Limerick,Oola
Limerick,Our Lady Of
Limerick,Pallasgreen (Residencev
Limerick,Pallaskenry
Limerick,Patrckswell-Lough Gur
Limerick,Patrickswell
Limerick,Rathkeale
Limerick,Rockhill
Limerick,Rockhill Bruree
Limerick,Sarsfield Park
Limerick,Shanagolden
Limerick,Southill
Limerick,Southill-Cnoc Theas
Limerick,Southville/Gurteen
Limerick,Spring Grove Estate
Limerick,Strand
Limerick,Templeglantine
Limerick,Tournafulla
Limerick,Upper Tournafulla
Limerick,Watergate
Limerick,Westfield Wetlands
Limerick,Weston
Limerick,Weston Gardens
Limerick,Woodlawn
Longford,Abbeylara
Longford,Abbeyshrule
Longford,Ardagh
Longford,Aughnacliffe
Longford,Ballinalee
Longford,Ballinamuck
Longford,Ballycloughan
Longford,Ballymahon
Longford,Carrickboy
Longford,Clondra
Longford,Colehill
Longford,Cullyfad
Longford,Derrahaun
Longford,Dromard
Longford,Drumlish
Longford,Edgeworthstown
Longford,Ennybegs
Longford,Granard
Longford,Kenagh
Longford,Killashee
Longford,Lanesboro
Longford,Lanesborough
Longford,Legan
Longford,Lisryan
Longford,Longford
Longford,Longford Town
Longford,Moydow
Longford,Mullinalaghta
Longford,Newtowncashel
Longford,Newtownforbes
Longford,Taghshinny
Longford,Taghsinny
Longford,Tagshinny
Louth,Annagassan
Louth,Annagassan- Áth Na
Louth,Annagasson
Louth,Ardee
Louth,Baltray
Louth,Blackrock
Louth,Blackrock-Louth
Louth,Carlingford
Louth,Castlebellingham-
Louth,Castlebellingham-Kilsaran
Louth,Castlebellingham/Kilsara
Louth,Clogherhead
Louth,Clos Na Manach
Louth,Collon
Louth,Collon Village
Louth,Drogheda
Louth,Dromiskin
Louth,Dundalk
Louth,Dunleer
Louth,Grange
Louth,Greenore
Louth,Kilcurry
Louth,Kilkerley
Louth,Knockbridge
Louth,Louth
Louth,Louth Village
Louth,Monasterboice
Louth,Omeath
Louth,Philipstown
Louth,Reaghstown
Louth,Sandpit
Louth,Stabannon
Louth,Tallanstown
Louth,Termonfeckin
Louth,Tullyallen
Mayo,Achill
Mayo,Achill Sound
Mayo,An Geata Mor
Mayo,An Geata Mór
Mayo,Attavally Luffertaun
Mayo,Aughagower
Mayo,Balla
Mayo,Ballina
Mayo,Ballina-Mayo
Mayo,Ballindine
Mayo,Ballinrobe
Mayo,Ballintubber
Mayo,Ballintubber-Mayo
Mayo,Ballycastle
Mayo,Ballycroy
Mayo,Ballyglass
Mayo,Ballyhaunis
Mayo,Ballyheane
Mayo,Ballyvary
Mayo,Bangor Erris
Mayo,Beal An Mhuirthead
Mayo,Bekan
Mayo,Belcarra
Mayo,Belmullet
Mayo,Bonniconla
Mayo,Bonniconlon
Mayo,Breaffy
Mayo,Breaghwy
Mayo,Béal An Mhuirthead
Mayo,Carracastle
Mayo,Castlebar
Mayo,Ceathru Thaidhg
Mayo,Charlestown Bellaghy
Mayo,Claire Island
Mayo,Clare Island
Mayo,Claremorris
Mayo,Clogher
Mayo,Cong
Mayo,Cross
Mayo,Crossmolina
Mayo,Dooagh-Pollagh
Mayo,Eachleim
Mayo,Eachléim
Mayo,Foxford
Mayo,Geesala
Mayo,Inishbiggle Island
Mayo,Inishturk Island
Mayo,Inver
Mayo,Keel
Mayo,Kilkeeran
Mayo,Kilkelly
Mayo,Killala
Mayo,Kilmaine
Mayo,Kiltimagh
Mayo,Knock
Mayo,Knockmore
Mayo,Lahardane
Mayo,Lecanvey
Mayo,Louisburgh
Mayo,Mayo Abbey
Mayo,Moygownagh
Mayo,Mulranny
Mayo,Murrisk
Mayo,Newport
Mayo,Newport-Mayo
Mayo,Partry
Mayo,Polranny
Mayo,Quay Village
Mayo,Shrule
Mayo,Straide
Mayo,Swinford
Mayo,Taugheen
Mayo,The Neale
Mayo,The Quay
Mayo,Tonragee
Mayo,Tooreen
Mayo,Turlough
Mayo,Westport
Meath,Ashbourne
Meath,Athboy
Meath,Ballinaclose
Meath,Ballivor
Meath,Batterstown
Meath,Bellewstown
Meath,Bettystown
Meath,Carlanstown
Meath,Carnaross
Meath,Castletown Kilpatrick
Meath,Castletown-Kilpatrick
Meath,Clonard
Meath,Clonee
Meath,Crossakiel
Meath,Donore
Meath,Drumcondra
Meath,Drumcondrath
Meath,Drumconrath
Meath,Drumcree
Meath,Duleek
Meath,Dunboyne
Meath,Dunderry
Meath,Dunsany
Meath,Dunshaughlin
Meath,Enfield
Meath,Gormanston
Meath,Johnstown
Meath,Julianstown
Meath,Kells
Meath,Kentstown
Meath,Kilbeg Staholmog
Meath,Kilberry
Meath,Kilbride
Meath,Kilbride Cill Bhríde
Meath,Kilcloon
Meath,Kildalkey
Meath,Killyon
Meath,Killyon-Hill Of Down
Meath,Kilmainhamwood
Meath,Kilmessan
Meath,Kilskyre
Meath,Kiltale
Meath,Laytown
Meath,Longwood
Meath,Moynalty
Meath,Navan
Meath,Nobber
Meath,Oldbridge
Meath,Oldcastle
Meath,Rath Cairn
Meath,Rathmolyon
Meath,Rathoath
Meath,Ratoath
Meath,Slane
Meath,Stamullen
Meath,Summerhill
Meath,Trim
Meath,Wilkinstown
Monaghan,Annalore
Monaghan,Ardaghey
Monaghan,Ballinode
Monaghan,Ballybay
Monaghan,Ballyoisin
Monaghan,Carrickmacross
Monaghan,Carrickroe
Monaghan,Castleblayney
Monaghan,Clones
Monaghan,Clontibret
Monaghan,Donaghmoyne
Monaghan,Donaghmoyne Village
Monaghan,Doohamlet
Monaghan,Drum
Monaghan,Emyvale
Monaghan,Glaslough
Monaghan,Greenan'S Cross
Monaghan,Greenan'S Cross-Crois Ui
Monaghan,Inniskeen
Monaghan,Kileevan
Monaghan,Killeevan
Monaghan,Killyneill
Monaghan,Knockatallon
Monaghan,Knockatallow
Monaghan,Milltown
Monaghan,Milltown-Monaghan
Monaghan,Monaghan
Monaghan,Monaghan Town
Monaghan,Newbliss
Monaghan,Oram
Monaghan,Rockcorry
Monaghan,Rockcorry Village
Monaghan,Scotshouse
Monaghan,Scotstown
Monaghan,Silverstream
Monaghan,Smithboro
Monaghan,Smithborough
Monaghan,Threemilehouse
Monaghan,Tydavnet
Monaghan,Tyholland Silverstream
Offaly,Ballyboy
Offaly,Ballycumber
Offaly,Banagher
Offaly,Belmont
Offaly,Birr
Offaly,Bracknagh
Offaly,Cadamstown
Offaly,Clara
Offaly,Cloghan
Offaly,Clonbullogue
Offaly,Cloneygowan
Offaly,Crinkill
Offaly,Crinkle
Offaly,Daingean
Offaly,Dunkerrin
Offaly,Edenderry
Offaly,Ferbane
Offaly,Geashill
Offaly,Horseleap
Offaly,Kilcormac
Offaly,Killeigh
Offaly,Kinnitty
Offaly,Lusmagh
Offaly,Moneygall
Offaly,Mucklagh
Offaly,Pullough
Offaly,Rhode
Offaly,Shannon Harbour
Offaly,Shannonbridge
Offaly,Shinrone
Offaly,Tubber
Offaly,Tullamore
Offaly,Walsh Island
Offaly,Welsh Island
Offaly,Welshisland
Roscommon,Arigna
Roscommon,Athleague
Roscommon,Ballaghaderreen
Roscommon,Ballinagare
Roscommon,Ballinaheglish-Ballymacurley
Roscommon,Ballinameen
Roscommon,Ballinlough
Roscommon,Ballintubber
Roscommon,Ballintubber-Roscommon
Roscommon,Ballyfarnon
Roscommon,Ballyforan
Roscommon,Ballyleague
Roscommon,Bealnamulla
Roscommon,Boyle
Roscommon,Brideswell
Roscommon,Castlecoote
Roscommon,Castleplunkett
Roscommon,Castlerea
Roscommon,Cloonfad
Roscommon,Cloontuskert
Roscommon,Cootehall
Roscommon,Cortober
Roscommon,Croghan
Roscommon,Curraghboy
Roscommon,Dysart
Roscommon,Elphin
Roscommon,Four Roads-Tisrara
Roscommon,Frenchpark
Roscommon,Gortaganny
Roscommon,Gorthaganny
Roscommon,Granlahan
Roscommon,Keadue
Roscommon,Kilteevan
Roscommon,Knockcroghery
Roscommon,Knockvicar
Roscommon,Lecarrow
Roscommon,Lisacul
Roscommon,Loughglynn
Roscommon,Loughlynn
Roscommon,Monksland
Roscommon,Moore
Roscommon,Mount Talbot
Roscommon,Portrunny
Roscommon,Rooskey
Roscommon,Roosky
Roscommon,Roscommon
Roscommon,Roscommon Town
Roscommon,Strokestown
Roscommon,Tarmonbarry
Roscommon,Tisrara/Four Roads
Roscommon,Tulsk
Sligo,Aclare
Sligo,Ballinacarrow
Sligo,Ballinafad
Sligo,Ballintogher
Sligo,Ballisodare
Sligo,Ballygawley
Sligo,Ballymote
Sligo,Banada
Sligo,Banada Tourlestrane
Sligo,Bellaghy
Sligo,Bunanadden
Sligo,Bunnanaddan
Sligo,Carney
Sligo,Carraroe
Sligo,Castlebaldwin
Sligo,Cloonacool
Sligo,Collooney
Sligo,Coney Island
Sligo,Coolaney
Sligo,Coolaney/Rockfield-Cúil
Sligo,Culfadda
Sligo,Dromore West
Sligo,Drumcliffe Rathcormac
Sligo,Drumcliffe-
Sligo,Easkey
Sligo,Enniscrone
Sligo,Grange
Sligo,Gurteen
Sligo,Keash
Sligo,Mullaghmore
Sligo,Rathcormac
Sligo,Rathlee
Sligo,Riverstown
Sligo,Rosses Point
Sligo,Sligo
Sligo,Strandhill
Sligo,Tubbercurry
Tipperary,Aglish
Tipperary,Anacarty
Tipperary,Annacarty
Tipperary,Ardcroney
Tipperary,Ardfinnan
Tipperary,Ballina
Tipperary,Ballina-Tipperary Nth
Tipperary,Ballinahinch
Tipperary,Ballinderry
Tipperary,Ballingarry (North)
Tipperary,Ballingarry (South)
Tipperary,Ballingarry-Tippeary South
Tipperary,Ballingarry-Tipperary N
Tipperary,Ballingarry-Tipperary North
Tipperary,Ballingarry-Tipperary South
Tipperary,Ballinure
Tipperary,Ballyboy
Tipperary,Ballycahill
Tipperary,Ballycommon
Tipperary,Ballycommon Tidy Village
Tipperary,Ballylooby
Tipperary,Ballyneale
Tipperary,Ballynonty
Tipperary,Ballypatrick
Tipperary,Ballyporeen
Tipperary,Ballysloe
Tipperary,Bansha
Tipperary,Birdhill
Tipperary,Boherlahan
Tipperary,Borrisokane
Tipperary,Borrisoleigh
Tipperary,Burncourt
Tipperary,Cahir
Tipperary,Capparoe
Tipperary,Cappawhite
Tipperary,Carrick-On-Suir
Tipperary,Carrig
Tipperary,Carrig Village
Tipperary,Cashel
Tipperary,Castleiney
Tipperary,Clogheen
Tipperary,Clonakenny
Tipperary,Cloneen
Tipperary,Clonmel
Tipperary,Clonmore
Tipperary,Clonoulty
Tipperary,Clonoulty Rossmore
Tipperary,Cloughjordan
Tipperary,Coolbawn Quay
Tipperary,Cullen
Tipperary,Donohill
Tipperary,Drangan
Tipperary,Drangan Village
Tipperary,Drombane
Tipperary,Dromineer
Tipperary,Dualla
Tipperary,Dundrum
Tipperary,Emly
Tipperary,Fethard
Tipperary,Garrykennedy
Tipperary,Glengoole
Tipperary,Goatenbridge
Tipperary,Golden
Tipperary,Gortnahoe
Tipperary,Grange
Tipperary,Grangemockler
Tipperary,Hollyford
Tipperary,Holycross
Tipperary,Inch
Tipperary,Inch-Bouladuff-Ragg
Tipperary,Inch-Bouladuff-Ragg/An
Tipperary,Kilbarron
Tipperary,Kilbarron Village
Tipperary,Kilcash
Tipperary,Kilcommon
Tipperary,Kilfeacle
Tipperary,Killea
Tipperary,Killenaule
Tipperary,Killoscully
Tipperary,Killusty
Tipperary,Kilross
Tipperary,Kilsheelan
Tipperary,Knockavilla
Tipperary,Lattin
Tipperary,Lisvernane
Tipperary,Littleton
Tipperary,Littleton Village
Tipperary,Lorrha
Tipperary,Loughmore
Tipperary,Marlfield
Tipperary,Marlfield Village
Tipperary,Moyne
Tipperary,Mullinahone
Tipperary,Nenagh
Tipperary,New Inn
Tipperary,Newcastle
Tipperary,Newcastle-Tipperary Sth
Tipperary,Newport
Tipperary,Newport-Tipperary Nth
Tipperary,Nine Mile House
Tipperary,Portroe
Tipperary,Puckane
Tipperary,Rathcabbin
Tipperary,Rearcross
Tipperary,Rearcross Crois Na Rae
Tipperary,Riverstown-Killeen
Tipperary,Riverstown-Killeen/Baile
Tipperary,Roscrea
Tipperary,Rosegreen
Tipperary,Rossadrehid
Tipperary,Rossmore
Tipperary,Shallee
Tipperary,Shevry
Tipperary,Silvermines
Tipperary,Templederry
Tipperary,Templemore
Tipperary,Templetuohy
Tipperary,Terryglass
Tipperary,The Commons
Tipperary,Thurles
Tipperary,Tipperary
Tipperary,Toomevara
Tipperary,Toor
Tipperary,Two-Mile-
Tipperary,Two-Mile-Borris
Tipperary,Upperchurch
Waterford,Aglish Village
Waterford,Annestown
Waterford,Ardmore
Waterford,Ballybricken
Waterford,Ballyduff Lower
Waterford,Ballyduff Upper
Waterford,Ballymacarbarry
Waterford,Ballymacarberry
Waterford,Ballymacarbry
Waterford,Bunmahon
Waterford,Cappoquin
Waterford,Cheekpoint
Waterford,Clashmore
Waterford,Clonea-Power
Waterford,Crooke
Waterford,Dungarvan
Waterford,Dunhill
Waterford,Dunmore East
Waterford,Fenor
Waterford,Ferrybank
Waterford,Kilmacthomas
Waterford,Leamybrien
Waterford,Lismore
Waterford,New Street Gardens
Waterford,Passage East
Waterford,Passage East And Crook
Waterford,Portlaw
Waterford,Rathgormack
Waterford,Stradbally
Waterford,Stradbally-Waterford
Waterford,Tallow
Waterford,Tramore
Waterford,Villierstown
Waterford,Waterford City
Westmeath,Athlone
Westmeath,Ballinagore
Westmeath,Ballinahown
Westmeath,Ballinahown Village
Westmeath,Ballinalack
Westmeath,Ballykeeran
Westmeath,Ballymore
Westmeath,Ballynacargy
Westmeath,Baylin
Westmeath,Castledaly
Westmeath,Castlepollard
Westmeath,Castletown Geoghegan
Westmeath,Castletown-Geoghegan
Westmeath,Clonmellon
Westmeath,Collinstown
Westmeath,Coole
Westmeath,Crookedwood
Westmeath,Delvin
Westmeath,Drumcree
Westmeath,Dysart
Westmeath,Dysart-Westmeath
Westmeath,Finea
Westmeath,Finea _Fiodh An Átha
Westmeath,Glasson
Westmeath,Glasson Village
Westmeath,Horseleap
Westmeath,Kilbeggan
Westmeath,Killucan
Westmeath,Killucan Rathwire
Westmeath,Kinnegad
Westmeath,Loughanavalley
Westmeath,Loughnavalley
Westmeath,Milltownpass
Westmeath,Moate
Westmeath,Mount Temple
Westmeath,Moyvore
Westmeath,Mullingar
Westmeath,Multyfarnham
Westmeath,Raharney
Westmeath,Raharney -Ráth Áirne
Westmeath,Rathowen
Westmeath,Rathwire
Westmeath,Rochfortbridge
Westmeath,Rosemount
Westmeath,Streamstown
Westmeath,Streete
Westmeath,Tang
Westmeath,Tubberclair
Westmeath,Tyrrellspass
Wexford,Adamstown
Wexford,Askamore
Wexford,Ballycanew
Wexford,Ballycullane
Wexford,Ballyduff
Wexford,Ballyfad
Wexford,Ballygarrett
Wexford,Ballyhack
Wexford,Ballyhack / Arthurstown
Wexford,Ballymoney Lower
Wexford,Ballymurn
Wexford,Blackwater
Wexford,Bree
Wexford,Bridgetown
Wexford,Bunclody
Wexford,Camolin
Wexford,Campile
Wexford,Carrig-On-Bannow
Wexford,Castlebridge
Wexford,Clonroche
Wexford,Coolgreany
Wexford,Coolgreany-An
Wexford,Courtnacuddy
Wexford,Courtown Harbour
Wexford,Craanford
Wexford,Duncannon
Wexford,Duncormick
Wexford,Enniscorthy
Wexford,Ferns
Wexford,Fethard On Sea
Wexford,Fethard-On-Sea
Wexford,Foulksmills
Wexford,Gorey
Wexford,Hollyfort
Wexford,Kilanerin
Wexford,Killanne
Wexford,Kilmore Quay
Wexford,Kilmuckridge
Wexford,Kilrane
Wexford,Kilrane-Rosslare Harbour
Wexford,Marshalstown
Wexford,Monageer
Wexford,Monaseed
Wexford,New Ross
Wexford,Newbawn
Wexford,Oulart
Wexford,Oylegate
Wexford,Poulpeasty
Wexford,Ramsgrange
Wexford,Riverchapel
Wexford,Rosslare
Wexford,Rosslare Harbour
Wexford,Saltmills
Wexford,Taghmon
Wexford,The Harrow
Wexford,Wellington Bridge
Wexford,Wellingtonbridge
Wexford,Wexford
Wicklow,Arklow
Wicklow,Ashford
Wicklow,Aughrim
Wicklow,Avoca
Wicklow,Ballycoog
Wicklow,Ballycoogue
Wicklow,Baltinglass
Wicklow,Blessington
Wicklow,Bray
Wicklow,Carnew
Wicklow,Coolboy
Wicklow,Delgany
Wicklow,Donard
Wicklow,Dunlavin
Wicklow,Enniskerry
Wicklow,Glenealy
Wicklow,Grange Con
Wicklow,Grangecon
Wicklow,Greystones
Wicklow,Hollywood Village
Wicklow,Kilcoole
Wicklow,Kilpedder
Wicklow,Kiltegan
Wicklow,Knockananna
Wicklow,Lacken
Wicklow,Laragh
Wicklow,Laragh & Glendalough
Wicklow,Laragh&Glendalough-An
Wicklow,Laragh\Glendalough
Wicklow,Manor Kilbride
Wicklow,Newcastle
Wicklow,Newcastle-Wicklow
Wicklow,Newtownmountkennedy
Wicklow,Rathdangan
Wicklow,Rathdrum
Wicklow,Rathnew
Wicklow,Redcross
Wicklow,Roundwood
Wicklow,Shillelagh
Wicklow,Stratford-On-Slaney
Wicklow,Tinahely
Wicklow,Wicklow
Wicklow,Wicklow Town
